Type,Name,Request Count,Failure Count,Median Response Time,Average Response Time,Min Response Time,Max Response Time,Average Content Size,Requests/s,Failures/s,50%,66%,75%,80%,90%,95%,98%,99%,99.9%,99.99%,100%
GET,PUBLIC_STATE,11289,0,2,1.9493688989226596,0.7036999995762017,16.291799998725764,167.0,94.54050139762192,0.0,2,2,2,2,3,3,4,4,5,16,16
,Aggregated,11289,0,2,1.9493688989226596,0.7036999995762017,16.291799998725764,167.0,94.54050139762192,0.0,2,2,2,2,3,3,4,4,5,16,16
