Type,Name,Request Count,Failure Count,Median Response Time,Average Response Time,Min Response Time,Max Response Time,Average Content Size,Requests/s,Failures/s,50%,66%,75%,80%,90%,95%,98%,99%,99.9%,99.99%,100%
POST,AUTH_TOKEN,48662,48658,5,6.331854424394658,0.9503999972366728,303.05930000031367,68.8746455139534,407.9875995795359,407.95406313634993,5,7,8,9,11,15,20,28,52,70,300
GET,SECURE_PING,26148,24516,5,5.910503090101925,0.9045000006153714,75.65310000063619,56.50206516750803,219.22772910701792,205.54486028712142,5,6,7,8,11,14,18,21,52,62,76
GET,SECURE_STATE,25825,24141,5,5.980894253636546,0.9079000010387972,77.22830000057002,57.934791868344625,216.51966131974675,202.40081873843198,5,6,8,8,11,14,18,22,49,69,77
,Aggregated,100635,97315,5,6.132311113430115,0.9045000006153714,303.05930000031367,62.852486709395336,843.7349900063006,815.8997421619033,5,6,8,8,11,14,19,24,52,64,300
