Type,Name,Request Count,Failure Count,Median Response Time,Average Response Time,Min Response Time,Max Response Time,Average Content Size,Requests/s,Failures/s,50%,66%,75%,80%,90%,95%,98%,99%,99.9%,99.99%,100%
POST,AUTH_TOKEN,10,10,33,34.07496999716386,27.7873000013642,43.14159997738898,62259.0,0.08368813062349736,0.08368813062349736,33,34,38,42,43,43,43,43,43,43,43
GET,SECURE_PING_VALID,1154,1154,6,6.149344107286844,3.867899999022484,38.150500011397526,58.0,9.657610273951596,9.657610273951596,6,6,6,7,7,9,14,16,38,38,38
GET,SECURE_STATE_VALID,1154,1154,5,5.295058405411146,3.6115999973844737,45.42759998003021,58.0,9.657610273951596,9.657610273951596,5,5,5,5,6,7,8,12,45,45,45
,Aggregated,2318,2318,5,5.844516910968559,3.6115999973844737,45.42759998003021,326.3390854184642,19.39890867852669,19.39890867852669,5,6,6,6,7,8,12,19,43,45,45
