Type,Name,Request Count,Failure Count,Median Response Time,Average Response Time,Min Response Time,Max Response Time,Average Content Size,Requests/s,Failures/s,50%,66%,75%,80%,90%,95%,98%,99%,99.9%,99.99%,100%
POST,AUTH_TOKEN,46827,46823,7,8.089036088155034,0.9003000013763085,516.6419999986829,86.91041493155659,392.31764092252985,392.28412883412597,7,9,10,11,14,16,19,22,36,510,520
GET,SECURE_PING,25080,25034,7,8.090339517529996,0.921599999855971,513.6586999979045,87.17846889952153,210.12079429254595,209.73540527590092,7,9,10,11,14,17,20,22,34,45,510
GET,SECURE_STATE,24950,24903,7,8.244852488968826,0.8855999985826202,528.187899999466,88.19050100200401,209.03165141941872,208.63788438067272,7,9,11,12,14,17,20,22,33,520,530
,Aggregated,96857,96760,7,8.129511316677688,0.8855999985826202,528.187899999466,87.30956977812652,811.4700866344946,810.6574184906996,7,9,10,11,14,16,19,22,35,510,530
