Type,Name,Request Count,Failure Count,Median Response Time,Average Response Time,Min Response Time,Max Response Time,Average Content Size,Requests/s,Failures/s,50%,66%,75%,80%,90%,95%,98%,99%,99.9%,99.99%,100%
POST,/api/auth/token/,3802,3802,6,7.47793500755288,4.022700013592839,302.7561000199057,68.83166754339821,31.846843009998036,31.846843009998036,6,7,8,8,10,11,20,23,240,300,300
,Aggregated,3802,3802,6,7.47793500755288,4.022700013592839,302.7561000199057,68.83166754339821,31.846843009998036,31.846843009998036,6,7,8,8,10,11,20,23,240,300,300
