Type,Name,Request Count,Failure Count,Median Response Time,Average Response Time,Min Response Time,Max Response Time,Average Content Size,Requests/s,Failures/s,50%,66%,75%,80%,90%,95%,98%,99%,99.9%,99.99%,100%
POST,AUTH_TOKEN,48818,48814,5,6.257215682736962,0.9000999998534098,301.0052000026917,68.87541480601418,409.21664001710116,409.1831100371743,5,6,8,8,11,14,21,28,54,74,300
GET,SECURE_PING,26229,24567,5,5.9033953219588735,0.8010000019567087,83.43949999834877,56.47924053528537,219.8644608752621,205.93275421566068,5,6,7,8,11,14,19,22,53,67,83
GET,SECURE_STATE,25876,24239,5,5.934561083644528,0.8054999998421408,84.52500000203145,57.93673674447364,216.9054401467186,203.18329586165993,5,6,7,8,11,14,19,23,53,80,85
,Aggregated,100923,97620,5,6.0825343449946505,0.8010000019567087,301.0052000026917,62.84915232404903,845.9865410390819,818.299160114495,5,6,7,8,11,14,19,25,54,68,300
