Type,Name,Request Count,Failure Count,Median Response Time,Average Response Time,Min Response Time,Max Response Time,Average Content Size,Requests/s,Failures/s,50%,66%,75%,80%,90%,95%,98%,99%,99.9%,99.99%,100%
POST,/api/auth/token/,3783,3783,6,7.233060560390876,4.2195999994874,307.01889999909326,68.83267248215702,31.703837171544418,31.703837171544418,6,7,7,8,9,11,18,21,260,310,310
,Aggregated,3783,3783,6,7.233060560390876,4.2195999994874,307.01889999909326,68.83267248215702,31.703837171544418,31.703837171544418,6,7,7,8,9,11,18,21,260,310,310
