Type,Name,Request Count,Failure Count,Median Response Time,Average Response Time,Min Response Time,Max Response Time,Average Content Size,Requests/s,Failures/s,50%,66%,75%,80%,90%,95%,98%,99%,99.9%,99.99%,100%
POST,/api/auth/token/,3718,3718,7,8.226978994071253,4.183899989584461,289.6286000031978,68.83485745024207,31.299871322355173,31.299871322355173,7,8,9,9,11,13,21,32,280,290,290
,Aggregated,3718,3718,7,8.226978994071253,4.183899989584461,289.6286000031978,68.83485745024207,31.299871322355173,31.299871322355173,7,8,9,9,11,13,21,32,280,290,290
