Type,Name,Request Count,Failure Count,Median Response Time,Average Response Time,Min Response Time,Max Response Time,Average Content Size,Requests/s,Failures/s,50%,66%,75%,80%,90%,95%,98%,99%,99.9%,99.99%,100%
POST,AUTH_TOKEN,10,10,36,37.19734999467619,29.845899989595637,49.260999978287145,62258.0,0.08370787664523051,0.08370787664523051,37,38,40,45,49,49,49,49,49,49,49
GET,SECURE_PING_VALID,1167,1167,6,6.296863239321374,3.9241999911610037,37.35100000631064,58.0,9.768709204498402,9.768709204498402,6,6,6,7,8,9,14,19,23,37,37
GET,SECURE_STATE_VALID,1167,1167,5,5.388980976842789,3.533200011588633,42.224000004353,58.0,9.768709204498402,9.768709204498402,5,5,5,5,6,7,11,17,40,42,42
,Aggregated,2344,2344,5,5.976686732171647,3.533200011588633,49.260999978287145,323.358361774744,19.62112628564203,19.62112628564203,5,6,6,6,7,9,14,21,42,49,49
