Type,Name,Request Count,Failure Count,Median Response Time,Average Response Time,Min Response Time,Max Response Time,Average Content Size,Requests/s,Failures/s,50%,66%,75%,80%,90%,95%,98%,99%,99.9%,99.99%,100%
POST,/api/auth/token/,3799,3799,6,6.97461013448927,4.02849999954924,294.76900000008754,68.82784943406159,31.78459398811706,31.78459398811706,6,6,8,8,9,10,14,21,260,290,290
,Aggregated,3799,3799,6,6.97461013448927,4.02849999954924,294.76900000008754,68.82784943406159,31.78459398811706,31.78459398811706,6,6,8,8,9,10,14,21,260,290,290
