Type,Name,Request Count,Failure Count,Median Response Time,Average Response Time,Min Response Time,Max Response Time,Average Content Size,Requests/s,Failures/s,50%,66%,75%,80%,90%,95%,98%,99%,99.9%,99.99%,100%
POST,AUTH_TOKEN,10,10,16,62.75326000759378,6.642499996814877,267.5433999975212,12465.2,0.0841525238894438,0.0841525238894438,16,16,18,260,270,270,270,270,270,270,270
GET,SECURE_PING_VALID,1158,1158,4,4.498071415808868,2.2207000001799315,24.473500001477078,21.063903281519863,9.744862266397593,9.744862266397593,4,4,5,5,6,6,9,13,22,24,24
GET,SECURE_STATE_VALID,1158,1158,3,3.1296367873538236,2.0303000055719167,19.735500012757257,21.063903281519863,9.744862266397593,9.744862266397593,3,3,3,3,4,4,5,6,19,20,20
,Aggregated,2326,2326,4,4.0672479360869875,2.0303000055719167,267.5433999975212,74.5640584694755,19.57387705668463,19.57387705668463,4,4,4,4,5,6,7,13,24,270,270
