Type,Name,Request Count,Failure Count,Median Response Time,Average Response Time,Min Response Time,Max Response Time,Average Content Size,Requests/s,Failures/s,50%,66%,75%,80%,90%,95%,98%,99%,99.9%,99.99%,100%
GET,PUBLIC_STATE,11241,0,2,2.0317536873830644,0.7096999979694374,21.667799999704584,167.0,94.17742243643139,0.0,2,2,2,3,3,3,4,4,5,16,22
,Aggregated,11241,0,2,2.0317536873830644,0.7096999979694374,21.667799999704584,167.0,94.17742243643139,0.0,2,2,2,3,3,3,4,4,5,16,22
