Type,Name,Request Count,Failure Count,Median Response Time,Average Response Time,Min Response Time,Max Response Time,Average Content Size,Requests/s,Failures/s,50%,66%,75%,80%,90%,95%,98%,99%,99.9%,99.99%,100%
POST,/api/auth/token/,218,209,33,48.9939077981844,3.849900000204798,309.3743999997969,208.45871559633028,1.8223766341902763,1.7471409015860906,33,41,46,51,96,110,300,300,310,310,310
GET,/api/secure/ping (valid),2477,2119,1,2.4640868792839057,0.7396000000881031,25.950800000828167,173.44166330238193,20.70654551784089,17.713835265363283,1,2,2,2,8,9,9,10,21,26,26
GET,/api/secure/state (valid),1587,1347,1,2.4866611216095444,0.7560999993074802,52.72249999961787,175.74606175173284,13.266567515871415,11.26028131309313,1,2,2,2,8,9,9,10,12,53,53
,Aggregated,4282,3675,1,4.841323283508823,0.7396000000881031,309.3743999997969,176.07846800560486,35.79548966790258,30.7212574800425,1,2,2,2,9,13,39,52,300,310,310
