Type,Name,Request Count,Failure Count,Median Response Time,Average Response Time,Min Response Time,Max Response Time,Average Content Size,Requests/s,Failures/s,50%,66%,75%,80%,90%,95%,98%,99%,99.9%,99.99%,100%
POST,/api/auth/token/,3784,3784,6,7.2815182874716715,4.15590000920929,311.1106000142172,68.83377378435517,31.674083050775103,31.674083050775103,6,7,8,8,10,11,20,22,280,310,310
,Aggregated,3784,3784,6,7.2815182874716715,4.15590000920929,311.1106000142172,68.83377378435517,31.674083050775103,31.674083050775103,6,7,8,8,10,11,20,22,280,310,310
