Type,Name,Request Count,Failure Count,Median Response Time,Average Response Time,Min Response Time,Max Response Time,Average Content Size,Requests/s,Failures/s,50%,66%,75%,80%,90%,95%,98%,99%,99.9%,99.99%,100%
GET,/api/state,4749,0,5,5.950635628384554,2.746299986029044,52.27210000157356,167.0,40.02809701865162,0.0,5,6,7,7,8,10,15,18,41,52,52
,Aggregated,4749,0,5,5.950635628384554,2.746299986029044,52.27210000157356,167.0,40.02809701865162,0.0,5,6,7,7,8,10,15,18,41,52,52
