Type,Name,Request Count,Failure Count,Median Response Time,Average Response Time,Min Response Time,Max Response Time,Average Content Size,Requests/s,Failures/s,50%,66%,75%,80%,90%,95%,98%,99%,99.9%,99.99%,100%
POST,AUTH_TOKEN,47340,47336,7,7.6441113582581846,0.8340999993379228,519.4454000011319,86.92116603295311,396.6349657559914,396.6014520284244,7,8,9,10,13,15,18,20,33,510,520
GET,SECURE_PING,25415,25378,7,7.706119370458032,0.9102000003622379,519.2459999998391,87.25681684044855,212.93784652911958,212.6278445491244,7,9,10,11,13,15,18,21,33,520,520
GET,SECURE_STATE,25179,25140,7,7.705906815205239,0.9300999990955461,520.2702999995381,88.25974025974025,210.96053660266386,210.63377775888517,7,9,10,11,13,15,18,21,33,59,520
,Aggregated,97934,97854,7,7.676090869362905,0.8340999993379228,520.2702999995381,87.35242101823677,820.5333488877749,819.8630743364339,7,8,10,10,13,15,18,21,33,510,520
