Type,Name,Request Count,Failure Count,Median Response Time,Average Response Time,Min Response Time,Max Response Time,Average Content Size,Requests/s,Failures/s,50%,66%,75%,80%,90%,95%,98%,99%,99.9%,99.99%,100%
POST,/api/auth/token/,3798,3798,7,8.333296787940023,3.918700007488951,310.1879000023473,68.8320168509742,31.759991541337534,31.759991541337534,7,8,9,9,11,14,28,35,300,310,310
,Aggregated,3798,3798,7,8.333296787940023,3.918700007488951,310.1879000023473,68.8320168509742,31.759991541337534,31.759991541337534,7,8,9,9,11,14,28,35,300,310,310
