Type,Name,Request Count,Failure Count,Median Response Time,Average Response Time,Min Response Time,Max Response Time,Average Content Size,Requests/s,Failures/s,50%,66%,75%,80%,90%,95%,98%,99%,99.9%,99.99%,100%
POST,/api/auth/token/,275,275,40,43.350967636367635,6.005700000059733,90.68500000012136,197.0,29.898444159736922,29.898444159736922,40,50,60,64,75,83,87,88,91,91,91
,Aggregated,275,275,40,43.350967636367635,6.005700000059733,90.68500000012136,197.0,29.898444159736922,29.898444159736922,40,50,60,64,75,83,87,88,91,91,91
