Type,Name,Request Count,Failure Count,Median Response Time,Average Response Time,Min Response Time,Max Response Time,Average Content Size,Requests/s,Failures/s,50%,66%,75%,80%,90%,95%,98%,99%,99.9%,99.99%,100%
POST,AUTH_TOKEN,47625,47621,6,7.169854704464781,0.8737999996810686,520.1816999979201,86.92151181102362,399.1664991530854,399.1329733578809,6,8,9,10,12,14,17,19,31,290,520
GET,SECURE_PING,25507,25467,6,7.220124381542698,1.0550000006332994,46.3129999989178,87.25667463833457,213.7856145700315,213.4503566179869,6,8,9,10,12,14,18,20,32,44,46
GET,SECURE_STATE,25406,25364,7,7.282096500829822,0.9269999973184895,45.845299999200506,88.26623632212863,212.9390882411189,212.5870673914721,7,8,9,10,12,15,18,20,35,44,46
,Aggregated,98538,98452,6,7.2118064766914785,0.8737999996810686,520.1816999979201,87.35497980474538,825.8912019642358,825.1703973673399,6,8,9,10,12,14,17,20,32,46,520
