Type,Name,Request Count,Failure Count,Median Response Time,Average Response Time,Min Response Time,Max Response Time,Average Content Size,Requests/s,Failures/s,50%,66%,75%,80%,90%,95%,98%,99%,99.9%,99.99%,100%
POST,AUTH_TOKEN,48848,48844,5,6.30621314689207,0.8929999967222102,466.74459999849205,68.87534801834262,409.3533618340469,409.3198412508636,5,6,8,9,11,14,20,27,57,73,470
GET,SECURE_PING,26088,24426,5,5.9634208754917655,0.7747000017843675,76.44710000022314,56.471021159153636,218.6212435212622,204.69344120861507,5,6,7,8,11,14,19,23,56,69,76
GET,SECURE_STATE,26061,24413,5,5.912540293939515,0.7826999972166959,70.94339999821386,57.93676374659453,218.39497958477514,204.58449931326945,5,6,8,8,11,14,18,22,56,68,71
,Aggregated,100997,97683,5,6.116085984727928,0.7747000017843675,466.74459999849205,62.84868857490817,846.3695849400842,818.5977817727481,5,6,8,8,11,14,19,25,57,69,470
