Type,Name,Request Count,Failure Count,Median Response Time,Average Response Time,Min Response Time,Max Response Time,Average Content Size,Requests/s,Failures/s,50%,66%,75%,80%,90%,95%,98%,99%,99.9%,99.99%,100%
GET,PUBLIC_STATE,11183,0,2,1.940228015737154,0.7533999996667262,18.940499998279847,167.0,93.71353565963949,0.0,2,2,2,2,3,3,4,4,5,18,19
,Aggregated,11183,0,2,1.940228015737154,0.7533999996667262,18.940499998279847,167.0,93.71353565963949,0.0,2,2,2,2,3,3,4,4,5,18,19
